Country,Code,Deforest,Rural,CO2,GNI,EnergyUse,LifeExp,Fertility,InfMort,Pop,PrimFem,PrimMal,Exports,Imports,CellPhone,RuralWater,log.Exports,log.Imports,log.GNI,log.Energy,new.forest,log.CO2
Afghanistan,AFG,0,74.129,0.290025232,690,,60.50912195,5.141,70.2,30551674,,,6.107274005,44.19394807,70.00491037,56.1,1.809480521,3.788587858,6.536691598,,0,-0.941543846
Albania,ALB,1.89860583,44.617,1.499316163,4520,768.0615635,77.35046341,1.76,13.3,2773620,,,34.01368477,56.74917713,116.1572081,93.8,3.526762937,4.038641156,8.416267273,6.643869891,1.377899064,0.469576139
Algeria,DZA,11.55368926,30.49,3.331511849,4970,1108.281628,70.88217073,2.82,21.6,39208194,92.51423,92.73663,38.73581864,28.73931352,102.0107812,79.5,3.656764718,3.358265995,8.511175119,7.010566012,3.399071824,1.233000936
American Samoa,ASM,4.078303426,12.666,,,,,,,55165,,,,,,100,,,,,2.019480979,
Andorra,AND,0,13.835,6.636720705,,,,,2.2,79218,,,,,80.70261809,100,,,,,0,1.907573264
Angola,AGO,4.502755182,57.51,1.555965628,4510,672.739215,51.464,5.979,101.6,21471618,40.14784,53.35519,64.97697486,43.306969,61.87329711,34.3,4.174032974,3.768313569,8.414052432,6.511357758,2.121969647,0.5043843
Antigua and Barbuda,ATG,4.854368932,75.357,5.88515814,12720,,75.66531707,2.102,7.7,89985,101.91327,102.72277,47.64046941,57.14639507,127.0856254,97.9,3.863682598,4.04561631,9.450930837,,2.203263246,1.789282761
Argentina,ARG,16.87868249,8.548,4.47096499,,1966.973639,76.01268293,2.188,11.9,41446246,108.25831,106.3835,17.78503379,16.1363294,159.0254543,95.3,2.878357305,2.781073214,,7.584251417,4.108367376,1.51972434
Armenia,ARM,26.91642651,37.025,1.424235767,3770,916.257439,74.43721951,1.739,14,2976566,,,23.75685346,47.35401166,112.4206552,100,3.167871056,3.85765154,8.23483028,6.820297372,5.188104327,0.421493148
Aruba,ABW,-5,57.942,22.84723958,,,75.2067561,1.681,,102911,97.84076,91.66667,70.77206081,86.43635475,134.873823,98.1,4.259464301,4.45940836,,,-2.236067977,3.13319765
Australia,AUS,4.561812298,10.847,16.93373124,59790,5500.790197,82.09512195,1.927,3.4,23130900,,,21.13649887,20.1431607,106.8434974,100,3.05100135,3.002864811,10.9985937,8.612647033,2.135839951,2.835195569
Austria,AUT,-3.204449153,34.116,7.973648029,47960,3927.917259,80.93658537,1.44,3.2,8473786,98.25421,98.95797,57.30099835,54.30944806,156.2304116,100,4.048318047,3.994698209,10.77812261,8.275864605,-1.790097526,2.088605428
Azerbaijan,AZE,0,45.9,5.050748857,6290,1369.322873,70.62495122,2,29.9,9416598,88.97885,89.98708,56.42698053,24.08106448,107.6134072,70.7,4.032947422,3.181425825,8.74671635,7.222071643,0,1.639142113
"Bahamas, The",BHS,0,17.268,6.835610738,20600,,74.91446341,1.893,10.4,377374,94.85347,91.52189,43.58772164,57.44429021,76.05187427,98.4,3.774775497,4.050815612,9.933046355,,0,1.936669116
Bahrain,BHR,-180,11.333,19.33835286,19560,7353.164228,76.53619512,2.094,5.2,1332171,,,79.00228505,47.80428039,165.9088811,100,4.369476777,3.867115183,9.881241944,8.902886007,-13.41640786,2.967248066
Bangladesh,BGD,3.828647925,67.247,0.371563901,830,204.7203214,70.29485366,2.208,33.2,156594962,70.49899,62.58969,22.90085831,31.61043961,67.08453366,84.4,3.131174391,3.453487433,6.721425701,5.321644762,1.95669311,-0.751700659
Barbados,BRB,0,68.348,5.361952382,15080,,75.13202439,1.845,13.3,284644,105.74913,94.38909,39.34399963,53.69887157,108.1027529,99.8,3.672343476,3.983391988,9.621124642,,0,1.697806305
Belarus,BLR,-11.92287918,24.123,6.556549631,6400,3114.214399,72.06341463,1.62,3.7,9466000,,,81.1258803,83.0694611,118.786176,99,4.396002026,4.419677139,8.764053269,8.0437322,-3.452952241,1.895601277
Belgium,BEL,-0.425406204,2.224,9.976543625,44810,5348.974596,80.38536585,1.79,3.5,11195138,92.26546,89.01336,84.98421158,84.15471026,110.9031799,100,4.442465493,4.432656894,10.71018661,8.584660157,-0.65223171,2.310210309
Belize,BLZ,13.37957125,55.702,1.366532186,4620,,73.69914634,2.715,14.3,331900,106.45344,110.09961,61.24580255,63.01880457,52.93763182,100,4.114895317,4.143433167,8.438149984,,3.657809624,0.382900557
Benin,BEN,22.56552682,56.914,0.545627257,750,384.5610261,59.1194878,4.927,56.2,10323474,55.96918,73.6678,14.98191428,26.96127149,93.25782193,69.1,2.706843759,3.294401447,6.620073207,5.952102492,4.750318602,-0.437532943
Bermuda,BMU,0,0,7.320035624,104610,,79.28853659,1.76,,65024,100,99.7555,,,144.3197992,,,,11.55799443,,0,2.004183858
Bhutan,BTN,-7.76276771,62.861,0.664924073,2420,,67.88926829,2.275,29.7,753947,96.35309,84.51917,40.09921914,69.80286878,72.19831102,97.3,3.691356861,4.245675109,7.791522819,,-2.786174386,-0.267978701
Bolivia,BOL,9.896010829,32.304,1.521808822,2220,746.1567184,66.92663415,3.264,31.2,10671200,93.15221,92.6522,44.11838354,38.41192401,97.69945273,71.9,3.786876556,3.648367932,7.705262475,6.614935656,3.14579256,0.483542083
Bosnia and Herzegovina,BIH,1.131221719,60.514,8.093102083,4600,1848.07031,76.12114634,1.268,5.7,3829307,,,31.30841121,55.26090343,91.173651,99.5,3.44388679,4.012065668,8.433811582,7.521897298,1.063589075,2.103292591
Botswana,BWA,18.98090101,43.062,2.657137083,7650,1114.99516,46.99070732,2.665,36.3,2021144,,,44.35170475,50.13043162,160.6410528,92.8,3.792151147,3.914628241,8.942460927,7.016605343,4.356707588,1.014192853
Brazil,BRA,10.38652562,14.829,2.150268044,11640,1371.149594,73.61787805,1.811,12.3,200361925,,,11.88916767,12.62254662,135.3050481,85.3,2.475627706,2.535484629,9.362202721,7.223404787,3.222813308,0.81104934
Brunei Darussalam,BRN,8.861985472,23.439,22.86788543,,9427.087023,78.37346341,2.012,8.4,417784,107.75264,110.04184,79.66268474,28.55029616,112.2144457,,4.37780128,3.351667309,,9.151342423,2.976908711,3.134096955
Bulgaria,BGR,-21.35256988,26.7,6.041258862,6850,2615.035284,74.31463415,1.5,10.1,7265115,105.63206,104.55338,66.49695853,66.51859636,145.1876887,99,4.19715621,4.197481553,8.832003931,7.869032869,-4.620884102,1.815029748
Burkina Faso,BFA,19.24930627,71.814,0.108309024,670,,55.86202439,5.693,64.1,16934839,44.06894,49.83201,21.14408098,28.57610737,66.37728295,75.8,3.051360007,3.352570962,6.507277712,,4.387403135,-1.568732607
Burundi,BDI,41.73010381,88.528,0.03336253,240,,53.6287561,6.123,54.8,10162532,49.01374,52.70665,9.353710467,37.66549408,24.96258806,73.2,2.235773106,3.628744399,5.480638923,,6.459884194,-2.014684069
Cabo Verde,CPV,-48.25259516,35.873,0.729487839,3610,,74.54373171,2.331,21.9,498897,99.34114,100.93846,31.47249165,60.28316209,100.1124481,86,3.449113883,4.099052829,8.191463051,,-6.946408796,-0.18694683
Cambodia,KHM,23.98640297,79.681,0.291012884,880,365.1423654,71.40882927,2.894,32.5,15135169,91.68153,90.89516,54.08075591,59.50108761,133.8902393,65.6,3.990478409,4.085994592,6.779921907,5.90028732,4.897591548,-0.939014768
Cameroon,CMR,19.90458957,46.75,0.350798617,1190,317.6233507,54.5875122,4.859,60.8,22253959,64.20379,75.23782,29.48655599,32.23650813,70.3904685,51.9,3.38393443,3.473099603,7.081708586,5.760866249,4.461455992,-0.796734565
Canada,CAN,0,18.528,14.67823409,50650,7333.279047,81.23804878,1.61,4.6,35158304,,,30.71895573,31.96144797,78.39781723,99,3.424879915,3.464530426,10.83269451,8.900178041,0,2.693155429
Caribbean small states,CSS,0.801387626,58.02514303,9.893750411,8878.67287,,71.7986121,2.186514853,17.27276998,7002680,92.77329254,90.03403473,55.41614822,57.99855117,106.1560887,93.15333482,4.014871035,4.06041803,9.091407373,,0.895202562,2.301959939
Cayman Islands,CYM,-2.419354839,0,10.63587887,,,,,,58435,,,,,167.7693163,,,,,,-1.555427542,2.373591297
Central African Republic,CAF,2.835840193,60.5,0.060696275,490,,49.47539024,4.451,96.1,4616417,30.18457,52.45862,11.51483211,22.02756873,29.46657548,54.4,2.443635953,3.092294793,6.194405391,,1.683995307,-1.828239188
Chad,TCD,13.29824561,77.773,0.040046478,970,,50.70058537,6.375,88.5,12825314,23.49278,39.04127,40.38573505,40.80238836,35.56437683,44.8,3.69847663,3.708740618,6.877296071,,3.646675968,-1.965780925
Channel Islands,CHI,0,68.729,,,,80.11982927,1.451,,162018,,,,,,,,,,,0,
Chile,CHL,-6.834829326,10.825,4.213121459,14290,1939.720133,79.57265854,1.832,7.1,17619708,98.26328,98.65668,38.02449504,34.86483016,134.2782809,91.3,3.638230558,3.551478589,9.567315271,7.57029898,-2.614350651,1.461661878
China,CHN,-35.15748317,46.832,6.194857575,5720,2029.362967,75.1995122,1.663,10.9,1357380000,,,28.53028081,26.0469373,88.70833462,84.9,3.350966008,3.259900191,8.651724084,7.615477213,-5.929374602,1.839733042
Colombia,COL,3.554119548,24.117,1.629451505,7010,671.4911462,73.77707317,2.316,14.5,48321405,114.72724,112.1135,18.7361065,19.9327627,104.0845439,73.6,2.930452491,2.992364745,8.85509298,6.509500831,1.885237266,0.547804309
Comoros,COM,81.66666667,71.896,0.203996305,840,,60.644,4.782,57.9,734917,,,15.3150902,51.78894187,47.28425115,96.7,2.72883863,3.947176649,6.733401892,,9.036961141,-1.190739732
"Congo, Dem. Rep.",COD,4.272057769,58.539,0.048880628,370,383.1717761,49.62326829,6.039,86.1,67513677,54.96792,72.98527,,,43.70465113,29,,,5.913503006,5.94848339,2.066895684,-1.904610449
"Congo, Rep.",COG,1.4929839,35.469,0.493188609,2550,392.6397733,58.29656098,5.012,35.6,4447632,67.22635,71.48986,87.28304928,34.80937809,104.7695043,38.8,4.469156278,3.549886836,7.843848638,5.972892584,1.221877203,-0.522242872
Costa Rica,CRI,-3.377535101,25.044,1.664003675,8850,982.5653062,79.70502439,1.81,8.4,4872166,96.96785,94.89102,37.18309395,42.06238867,145.9716479,90.9,3.615854194,3.739153961,9.088172738,6.890166811,-1.837807145,0.567586041
Cote d'Ivoire,CIV,-1.76286441,47.234,0.305895928,1220,579.3019932,50.40173171,4.894,71.3,20316086,,,57.68126741,37.89631342,95.44605196,67.8,4.054932466,3.634853836,7.106606138,6.361823919,-1.327729042,-0.901658487
Croatia,HRV,-4.151351351,41.641,4.727161668,13260,1971.478444,76.92439024,1.51,3.8,4252700,91.38628,91.48971,42.33517238,42.81403437,114.5095687,96.8,3.745618239,3.756865955,9.492507264,7.586539019,-2.037486528,1.574258649
Cuba,CUB,-42.81827017,23.128,3.400544489,,992.0683239,79.06702439,1.453,5,11265629,98.75245,97.52846,19.95792183,19.13806032,17.71492741,87.3,2.993626149,2.951679039,,6.89979198,-6.543567083,1.252918525
Curacao,CUW,,10.463,,,,,2.2,,153500,,,,,128.1821618,,,,,,,
Cyprus,CYP,-7.579143389,32.867,6.983907546,26410,2120.944405,79.63712195,1.465,2.8,1141166,100.85892,97.87958,,,95.17782689,100,,,10.18149801,7.659616742,-2.753024408,1.957825669
Czech Republic,CZE,-1.217192849,26.94,10.66903291,18130,4137.65843,78.07560976,1.45,2.9,10521468,108.91905,108.9401,72.89047108,68.74280255,131.2534239,99.6,4.288957918,4.230372041,9.805323304,8.32788531,-1.103264632,2.376674692
Denmark,DNK,-23.14606742,12.676,8.346404977,59860,3230.788149,80.05121951,1.73,2.9,5613706,99.38253,98.87919,53.66645217,48.4244935,127.4727287,100,3.982788079,3.88000575,10.99976378,8.080481395,-4.811036002,2.133740904
Djibouti,DJI,0,22.814,0.646313828,,,61.30397561,3.457,57.4,872932,,,,,27.96586676,65.5,,,,,0,-0.292609086
Dominica,DMA,11.8,31.03,1.906487557,6590,,,,10.2,72003,81.2398,83.92283,33.84963988,53.03392617,129.9598628,,3.52192836,3.970931825,8.793308627,,3.435112807,0.69638571
Dominican Republic,DOM,0,22.918,2.092908442,5430,727.4524474,73.23297561,2.517,23.6,10403761,90.24506,91.41192,25.04614491,35.36468473,88.43350015,77.2,3.22071992,3.565713716,8.599694413,6.589548632,0,0.785228718
Ecuador,ECU,31.46269089,36.702,2.175597851,5170,848.8260996,76.19256098,2.59,19.1,15737878,102.95394,101.62657,31.54148948,34.41308748,111.4620027,75.2,3.451303806,3.538436942,8.550627968,6.743854336,5.609161336,0.822242809
"Egypt, Arab Rep.",EGY,-61.81818182,56.975,2.622791315,2980,978.0366565,70.9072439,2.807,18.6,82056378,104.35408,107.40635,20.56742761,24.68820655,121.507893,98.8,3.023708641,3.206325662,7.999678579,6.88554715,-7.862453931,1.001657573
El Salvador,SLV,26.20689655,34.225,1.004884536,3600,690.3006629,72.10453659,2.209,13.5,6340454,95.06249,95.73744,27.98003371,46.6632093,136.1874402,81,3.331491174,3.842956045,8.188689124,6.537127246,5.119267189,0.099740838
Equatorial Guinea,GNQ,13.84946237,60.397,6.721220627,14040,,52.61290244,4.945,69.3,757014,52.63773,52.37111,90.95696368,69.38803073,67.47338887,,4.510386468,4.239714385,9.549665678,,3.72148658,1.920038433
Eritrea,ERI,6.03331277,78.235,0.089420969,450,128.9470899,62.23478049,4.785,36.1,6333135,33.22117,38.70249,14.37634524,23.15356945,5.602975462,,2.665584164,3.142148957,6.109247583,4.859402164,2.456280271,-1.663783392
Estonia,EST,-5.071770335,32.279,13.77319664,16360,4220.86062,76.42682927,1.55,2.7,1324612,95.33157,97.06292,90.51188969,86.82563647,159.6607033,97.6,4.50548122,4.463901929,9.70259461,8.347794325,-2.252059132,2.629958679
Ethiopia,ETH,28.20794742,81.41,0.07456497,410,381.0569954,62.96595122,4.642,44.4,94100756,,,16.99905282,32.13514155,27.25468539,42.1,2.833157626,3.469950184,6.01615716,5.942948958,5.311115459,-1.745458287
Faeroe Islands,FRO,0,58.47,14.3481979,,,82.03902439,,,49469,,,,,120.681639,,,,,,0,2.670569694
Fiji,FJI,-7.125616539,47.024,1.499936669,4010,,69.74473171,2.615,20,881065,,,59.33662668,64.91312261,101.1280666,92.2,4.083226766,4.173049801,8.29654652,,-2.669385049,0.469964047
Finland,FIN,-1.224359267,16.048,11.53084023,46820,6449.043775,80.62682927,1.8,2.1,5439407,98.33462,97.60923,40.9618319,41.68132497,171.7184915,100,3.712640704,3.730053186,10.75406574,8.771687147,-1.10650769,2.453660211
France,FRA,-10.40792461,20.945,5.556065562,41860,3869.188971,82.56585366,2.01,3.5,66028467,,,26.89530019,29.85867878,98.49547248,100,3.291951557,3.396475544,10.642086,8.260800196,-3.226131523,1.73272852
French Polynesia,PYF,-200,43.911,3.296763845,,,76.12902439,2.075,,276831,,,,,85.57567613,100,,,,,-14.14213562,1.222823168
Gabon,GAB,0,13.342,1.654156027,10020,1252.565504,63.07392683,4.136,39.1,1671711,,,58.17180006,30.68218916,214.7500375,63,4.063400702,3.423682328,9.212338375,7.13294913,0,0.561987845
"Gambia, The",GMB,-9.411764706,41.627,0.281465989,520,,58.60707317,5.775,49.4,1849285,74.75131,72.81956,28.86277909,47.15878136,99.9766937,84.4,3.362552844,3.853520235,6.253828812,,-3.067859955,-0.963733583
Georgia,GEO,1.504857863,46.691,1.401642562,3290,790.1787726,73.94487805,1.82,11.7,4476900,115.75885,115.74112,36.27917571,54.8635999,115.0251043,97.3,3.591243905,4.004850103,8.098642844,6.672259214,1.226726482,0.40655955
Germany,DEU,-3.118890234,25.11,9.114841508,45170,3811.472082,80.89268293,1.38,3.2,80621788,101.2166,100.99567,50.63144182,45.43392467,119.0306009,100,3.924572763,3.816259065,10.71818843,8.245770767,-1.766038005,2.220815392
Ghana,GHA,36.77228786,47.265,0.370887966,1580,425.0354925,60.94712195,3.92,52.3,25904598,,,44.11790766,49.69749048,108.1911482,81.3,3.786865769,3.905954439,7.365180126,6.052172677,6.06401582,-0.753135077
Greece,GRC,-20.13943619,22.657,7.774920307,23670,2402.427428,80.63414634,1.34,3.7,11032328,100.17796,100.3616,25.05493227,33.14548919,116.8206478,99.4,3.221070705,3.500906635,10.0719637,7.784234934,-4.487698318,2.063683065
Greenland,GRL,-10,14.367,11.14824708,,,,1.983,,56483,,,,,105.9890852,100,,,,,-3.16227766,2.420212301
Grenada,GRD,0,64.417,2.487241705,7140,,72.61034146,2.194,10.7,105897,103.21285,119.5547,23.65844919,50.35305704,125.5937373,95.3,3.163720311,3.919059333,8.873468055,,0,0.95059233
Guam,GUM,0,5.644,,,,78.61856098,2.426,,165124,,,,,,99.5,,,,,0,
Guatemala,GTM,25.34540859,49.339,0.775252594,3130,691.0848329,71.66385366,3.844,25.8,15468203,83.11532,88.61889,26.62542088,37.358778,140.393535,88.6,3.281866431,3.620567904,8.048788284,6.538262585,5.034422369,-0.133242755
Guinea,GIN,10.9030837,63.791,0.113624058,440,,55.84465854,5.001,64.9,11745189,47.99417,68.80615,30.25425227,48.12222138,63.31503903,65,3.409636745,3.873744053,6.086774727,,3.301981784,-1.543537549
Guinea-Bissau,GNB,9.657039711,52.253,0.150227779,530,,54.03363415,4.989,77.9,1704255,56.6878,71.27331,26.46980224,34.65903673,74.09102511,55.5,3.276004545,3.545558492,6.272877007,,3.107577788,-1.385383659
Guyana,GUY,0,71.618,2.164396038,3410,,66.04626829,2.591,29.9,799613,94.93671,86.94464,,,69.41295352,97.9,,,8.13446757,,0,0.817308074
Haiti,HTI,14.31034483,43.832,0.214171416,760,320.0409175,62.70265854,3.212,54.7,10317461,,,13.43650736,54.16636399,69.39885695,47.5,2.597975432,3.992060125,6.633318433,5.768448855,3.782901641,-1.157816532
Honduras,HND,39.13470993,46.463,1.063839388,2140,609.4876868,73.49343902,3.05,18.9,8097688,101.23557,95.25833,51.25765608,70.95917356,95.91916853,81.5,3.936864994,4.262104691,7.668561108,6.412618747,6.255774127,0.151724357
"Hong Kong SAR, China",HKG,,0,5.166229891,36280,2106.114599,83.4804878,1.285,,7187500,,,225.4538668,221.6037464,238.6824325,,5.418115556,5.400890861,10.4990219,7.652600107,,1.661314716
Hungary,HUN,-13.68128817,29.694,5.058248166,12450,2503.448701,75.06341463,1.34,5.2,9897247,97.97764,99.26141,93.99815852,86.50307115,116.4278724,100,4.543275192,4.460179918,9.429475902,7.82542454,-3.698822539,1.640597019
Iceland,ISL,-264.3678161,6.058,6.168528586,38370,17964.44357,82.91707317,2.04,1.6,323002,96.57407,98.8429,59.07356757,50.70309809,108.1111263,100,4.078783575,3.925987015,10.55503118,9.796149726,-16.25939163,1.835541652
India,IND,-7.483695397,68.006,1.666209247,1550,613.7188502,66.21085366,2.505,41.4,1252139596,,,23.86673003,30.21122109,70.78318167,90.7,3.17248544,3.408213415,7.34601021,6.419536925,-2.735634368,0.568835582
Indonesia,IDN,21.49647813,47.748,1.803206699,3420,857.2892162,70.6072439,2.37,24.5,249865631,,,26.36166164,24.94977381,121.5434067,76.4,3.271910744,3.216864756,8.13739583,6.753775337,4.636429459,0.6435402
"Iran, Islamic Rep.",IRN,0,27.68,7.676526948,6570,2812.692225,73.76273171,1.917,14.4,77447168,103.73768,104.96869,,,84.24610052,91.7,,,8.790269111,7.941897391,0,2.051109831
Iraq,IRQ,-2.611940299,30.738,3.703432682,6130,1266.370267,69.24192683,4.086,28,33417476,,,43.15656762,26.96591093,96.10477428,68.5,3.76483461,3.29457351,8.720950029,7.14391003,-1.616149838,1.335903996
Ireland,IRL,-62.70967742,37.333,8.771551844,39110,2887.670277,80.89512195,2.01,3.2,4595281,,,102.6841531,81.08229571,102.755635,99.7,4.631657802,4.395464635,10.57413347,7.968205324,-7.918944211,2.182849735
Isle of Man,IMN,0,47.916,,,,,,,85888,,,,,,,,,,,0,
Israel,ISR,-16.36363636,7.988,9.268030327,32030,2994.447835,81.70487805,3.04,3.2,8059400,102.19282,101.03173,35.50179933,35.99871476,122.8478352,100,3.56958338,3.583483237,10.37442824,8.004515131,-4.045199175,2.237302864
Italy,ITA,-22.59552042,31.314,6.854334881,34810,2819.419443,82.93658537,1.4,3,59831093,102.00774,102.39751,28.83447156,30.23229111,158.8835332,100,3.3615716,3.408910595,10.45765998,7.944286271,-4.753474563,1.939365189
Jamaica,JAM,2.42019733,45.664,2.66014574,5190,1135.485907,73.2824878,2.284,14.3,2715000,,,30.39154163,53.49356249,100.4233288,88.8,3.414164334,3.979561319,8.554488976,7.03481595,1.555698342,1.015283483
Japan,JPN,-0.186773547,7.509,9.185650865,47690,3610.371413,83.09609756,1.41,2.1,127338621,100.74158,100.46675,15.1275549,16.0343875,115.1885934,100,2.716517908,2.774735635,10.77247701,8.191565931,-0.432173052,2.228470291
Jordan,JOR,0,16.789,3.443801852,4660,1142.90309,73.74739024,3.314,16,6459000,,,47.65502402,73.85915827,141.7962745,90.5,3.86398806,4.302160013,8.446770727,7.041326875,0,1.26520012
Kazakhstan,KAZ,3.629456458,46.639,15.23926775,9780,4717.224068,69.61,2.59,14.6,17037508,102.80354,103.32782,49.47496416,27.74896453,180.5020819,86,3.901466767,3.323198525,9.188094763,8.458975784,1.90511324,2.73041606
Kenya,KEN,7.092772384,75.22,0.303781663,870,480.1320866,61.08317073,4.459,47.5,44353691,,,28.52347187,45.09104835,70.58942851,55.1,3.350727323,3.808683742,6.768493212,6.174061246,2.663225936,-0.906880984
Kiribati,KIR,0,55.945,0.637784803,2520,,68.53234146,2.982,45.1,102351,,,12.37787545,95.20958084,16.60951041,50.6,2.515910641,4.556080576,7.832014181,,0,-0.304103092
"Korea, Dem. Rep.",PRK,33.99829289,39.431,2.923360157,,772.8927404,69.50063415,1.995,21.7,24895480,,,,,9.720640052,96.9,,,,6.650140281,5.83080551,1.106368848
"Korea, Rep.",KOR,2.530612245,17.751,11.4868054,24640,5231.870728,81.36829268,1.297,3.2,50219669,99.34158,100.65972,55.74747445,54.25257807,110.9984678,87.9,4.020832108,3.993650513,10.11212642,8.562524185,1.590789818,2.449866985
Kosovo,KSV,,,,3730,1411.282348,70.49756098,2.19,,1824000,,,19.77822985,57.3756688,,,2.98458183,4.049620325,8.224163513,7.252254037,,
Kuwait,KWT,-86.57142857,1.69,31.31974308,,10408.2795,74.359,2.626,8.1,3368572,,,70.22539088,24.84037633,190.2883477,99,4.251709939,3.212470407,,9.250356874,-9.30437685,3.447436456
Kyrgyz Republic,KGZ,-18.13397129,64.517,1.174565429,1040,561.648533,70.00243902,3.1,21.6,5719500,96.6375,96.47864,54.53847717,81.64136325,121.4498189,82.3,3.998906456,4.402336036,6.946975992,6.330876268,-4.258400086,0.24260528
Lao PDR,LAO,9.930691926,63.531,0.292983284,1270,,67.80592683,3.108,53.8,6769727,80.04452,85.7085,37.17880887,43.10480033,66.1975734,64.9,3.615738945,3.763634368,7.146772179,,3.151300037,-0.933988202
Latvia,LVA,-6.422943587,32.524,3.631065216,14030,2122.134243,73.77804878,1.44,7.4,2013385,93.99824,98.53278,58.84120713,62.67022529,136.5642484,95.8,4.074842411,4.137886459,9.548953173,7.66017758,-2.534352696,1.316693774
Lebanon,LBN,-4.625954198,12.452,4.700012808,9520,1448.721248,79.84636585,1.498,7.8,4467390,85.45308,88.14685,36.22535957,64.1784869,80.56367407,100,3.589759414,4.16166806,9.161150128,7.278436549,-2.150803152,1.568618586
Lesotho,LSO,-11,73.729,0.00912679,1480,,48.836,3.092,73,2074465,83.16016,63.26093,47.47965608,107.4813219,86.30152835,76.7,3.860301326,4.677317083,7.299797367,,-3.31662479,-2.215244862
Liberia,LBR,13.39013999,51.079,0.201972718,370,,60.20639024,4.868,53.6,4294077,,,27.49957028,92.8174755,59.50978522,63,3.314170378,4.530634936,5.913503006,,3.659254021,-1.197418602
Libya,LBY,0,21.83,9.77302184,,2186.126926,75.17604878,2.41,12.4,6201521,,,,,165.0449946,,,,,7.68988673,0,2.289805971
Liechtenstein,LIE,-6.153846154,85.67,,,,82.38292683,1.51,,36925,106.63507,116.29213,,,97.76574137,,,,,,-2.480694692,
Lithuania,LTU,-11.85604113,33.446,4.378214835,13910,2406.462436,73.86341463,1.6,4,2956121,104.67266,105.9599,77.13291934,78.61102743,151.3449586,88.9,4.345530159,4.364511988,9.540363285,7.785913079,-3.443260247,1.499224493
Luxembourg,LUX,-0.872093023,10.432,21.36026614,71810,8045.897825,81.39268293,1.57,1.6,543202,84.83127,83.20076,178.3386892,147.967994,148.6426713,100,5.183684491,4.996995994,11.18177902,8.992917654,-0.93385921,3.066203139
"Macao SAR, China",MAC,,0,1.92737914,64050,,80.12778049,1.058,,566375,,,111.8332227,53.44339478,304.0821011,,4.717008678,3.978623052,11.06741931,,,0.706743895
"Macedonia, FYR",MKD,-10.43859649,43.019,5.171997074,4710,1483.696866,75.03126829,1.436,5.8,2107158,,,54.8575329,74.47726478,106.1738133,98.8,4.004739514,4.310493908,8.457443187,7.302292135,-3.230881689,1.662409242
Madagascar,MDG,9.151329243,66.168,0.09550416,420,,64.24863415,4.528,39.6,22924851,71.2104,69.88077,26.30930487,38.07714629,36.13369614,35.4,3.269922674,3.639614267,6.040254711,,3.025116402,-1.63217362
Malawi,MWI,18.60882957,84.056,0.082554367,320,,54.72378049,5.471,44.2,16362567,69.04071,66.36784,29.54934786,39.83681371,32.33015944,83.2,3.386061675,3.684791452,5.768320996,,4.313795263,-1.700707251
Malaysia,MYS,9.356453343,26.716,7.667467327,9820,2639.431881,74.84229268,1.975,7.2,29716965,,,91.60680871,75.17940427,144.6850309,98.5,4.5175056,4.319877314,9.192176401,7.878318976,3.058832023,2.049944156
Maldives,MDV,0,56.584,3.298897124,5430,,77.57382927,2.287,8.4,345023,,,108.7049139,104.8034448,181.1940074,97.9,4.688636999,4.652086641,8.599694413,,0,1.223451004
Mali,MLI,12.3649801,61.637,0.044572554,660,,54.60392683,6.852,77.6,15301650,54.84398,68.29709,26.31995568,36.18373651,129.0669372,54.2,3.270327423,3.58860975,6.492239835,,3.516387365,-1.933973795
Malta,MLT,0,4.861,6.24572264,19990,2059.925337,80.74634146,1.43,5.3,423282,92.55636,89.0852,93.60719676,88.89851911,129.7545011,100,4.539107269,4.487495484,9.902987427,7.630425017,0,1.847780986
Marshall Islands,MHL,2.769230769,27.841,1.958419165,4130,,,,30.6,52634,,,,,,97.5,,,8.326032686,,1.664100589,0.721938293
Mauritania,MRT,44.09638554,41.364,0.613635432,1040,,61.35060976,4.728,67.1,3889880,,,66.83836969,77.23926659,102.5274559,47.7,4.202277312,4.346907962,6.946975992,,6.64051094,-0.337383047
Mauritius,MUS,9.690721649,60.021,3.214898776,8770,,73.56634146,1.43,12.5,1296303,103.23948,103.85637,53.42356762,66.35315825,123.2398186,99.7,3.97825199,4.19499136,9.079092085,,3.112992395,1.198427088
Mexico,MEX,8.250558393,21.309,3.763572235,9720,1559.727638,77.13507317,2.216,12.5,122332399,93.99692,91.38268,31.24815623,32.49783596,85.83640136,90.8,3.441960374,3.481173501,9.181940897,7.352266494,2.872378525,1.351592205
Mexico and Central America,MCA,,,,,,,,,,,,,,,,,,,,,
"Micronesia, Fed. Sts.",FSM,,77.658,0.990899352,3230,,68.85021951,3.347,29.8,103549,,,,,30.31704797,87.4,,,8.080237416,,,0.08700245
Moldova,MDA,-23.88714734,55.121,1.363011416,2150,935.5901961,68.69341463,1.462,13.3,3559000,92.65368,91.3398,44.97095722,85.8294623,106.0114063,93.7,3.806016886,4.452362331,7.673223121,6.841177556,-4.887447937,0.380496925
Monaco,MCO,,0,,,,,,3,37831,,,,,93.74322645,,,,,,,
Mongolia,MNG,14.37460115,29.634,4.243208522,3080,1309.777871,67.33943902,2.446,26.4,2839073,113.884,114.21015,62.34172847,86.83921096,124.1841263,61.2,4.132631,4.464058259,8.032684876,7.177612838,3.791385123,1.468613366
Montenegro,MNE,0,36.357,4.163295585,6950,1899.763794,74.64987805,1.676,4.9,621383,,,42.75112397,64.92090437,159.9499825,95.3,3.755395487,4.173169673,8.846496939,7.549484838,0,1.450042473
Morocco,MAR,-2.02020202,40.8,1.599383453,2910,539.0825175,70.64312195,2.706,26.1,33008150,81.3698,86.31163,35.57531893,48.68572041,128.5252097,63.6,3.571652109,3.885385772,7.97590836,6.289868653,-1.421338109,0.530265511
Mozambique,MOZ,11.01664438,68.331,0.120258277,510,415.0334276,49.83626829,5.263,61.5,25833752,55.10713,65.49964,30.78777726,60.51777249,48.00421557,35,3.427117769,4.102937082,6.234410726,6.028359065,3.319133077,-1.512954434
Myanmar,MMR,20.56249681,66.993,0.173212744,,268.4985508,64.93246341,1.959,39.8,53259018,96.77357,93.17369,,,12.82858801,81.1,,,,5.592845517,4.534588935,-1.297504507
Namibia,NAM,18.49349464,55.321,1.457397932,5700,716.6022282,63.88114634,3.107,35.2,2303315,84.64054,77.83731,41.35816745,52.94328777,110.2143649,87.4,3.722269922,3.969221299,8.648221454,6.574520914,4.300406334,0.443016436
Nepal,NPL,24.51733444,82.123,0.139872076,700,382.6365655,67.98270732,2.389,32.2,27797457,,,8.904030421,32.92422422,71.46285,87.6,2.186504031,3.494208685,6.551080335,5.947085623,4.951498202,-1.427649513
Netherlands,NLD,-5.797101449,10.729,10.95836494,48110,4637.767016,81.10487805,1.72,3.3,16804224,,,83.86537283,75.28107144,113.7299037,100,4.429212809,4.321228728,10.78124533,8.441988283,-2.407717062,2.403187149
New Caledonia,NCL,0,30.904,15.680092,,,76.25341463,2.149,,262000,,,,,93.76364544,98.5,,,,,0,2.758749146
New Zealand,NZL,-6.893782383,13.777,7.223514813,35550,4124.039998,81.15609756,2.05,5.2,4470800,,,31.36806326,29.60883493,105.7756947,100,3.445790282,3.388072794,10.47869544,8.324588544,-2.625601337,1.991090378
Nicaragua,NIC,34.1160833,41.854,0.780988797,1690,514.5019276,74.46539024,2.541,20,6080478,83.41894,77.42736,40.06117999,55.77831039,111.9801766,67.8,3.690407785,4.021385091,7.432483808,6.243199302,5.840897474,-0.12671037
Niger,NER,39.37275064,81.78,0.088827077,390,,57.96617073,7.574,59.9,17831270,35.13596,46.384,20.8936547,47.76692091,39.2922097,42.1,3.03944551,3.866333369,5.966146739,,6.274770963,-1.666923619
Nigeria,NGA,52.29314146,53.906,0.494090977,2460,720.6436453,52.10902439,6.002,74.3,173615345,71.52315,80.27022,31.32980522,21.46429968,73.29196161,49.1,3.444569888,3.066391075,7.807916629,6.580144764,7.231399689,-0.520722812
Northern Mariana Islands,MNP,11.79411765,10.687,,,,,,,53855,,,,,,97.5,,,,,3.434256491,
Norway,NOR,-11.91456736,20.061,11.69644457,98880,5680.652555,81.45121951,1.85,2.3,5084190,99.28981,99.45421,41.93788671,28.30179076,116.4772399,100,3.736189636,3.342925081,11.50166227,8.644821391,-3.45174845,2.467798178
Oman,OMN,0,23.301,20.40894323,25250,8356.291743,76.59104878,2.884,9.8,3632444,,,62.02005635,32.46704975,154.6459078,86.1,4.127457822,3.480225721,10.13658143,9.030770036,0,3.020861046
Pakistan,PAK,36.64424218,62.14,0.932118498,1250,481.6161688,66.43587805,3.264,69,182142594,60.26724,73.09349,13.96023127,18.96448916,70.13037598,89,2.636212664,2.942568239,7.13089883,6.177147466,6.053448784,0.031613484
Palau,PLW,-6.052631579,14.224,10.56927211,10550,,,,15.1,20918,,,63.99546347,74.0147227,90.3528062,,4.158812198,4.304264029,9.263881139,,-2.460209662,2.367367844
Panama,PAN,14.88924051,34.006,2.619052137,9030,1085.01097,77.36809756,2.493,15.4,3864170,92.00023,92.02719,79.28916007,79.05772381,162.9742998,86.6,4.373101424,4.370178267,9.108307646,6.989345376,3.858657863,1.000283341
Papua New Guinea,PNG,9.775084859,87.023,0.457108929,1790,,62.29892683,3.838,47.3,7321262,,,,,40.97654202,32.8,,,7.489970899,,3.126513211,-0.584994495
Paraguay,PRY,18.58581084,40.826,0.785657461,3320,739.0061336,72.19373171,2.897,18.7,6802295,91.25849,90.27471,52.63893649,50.09645333,103.6893284,83.4,3.963456083,3.913950214,8.107720062,6.605306221,4.311126401,-0.121425016
Peru,PER,3.512172872,22.046,1.967657742,5890,694.9951556,74.51553659,2.448,12.9,30375603,99.42055,98.68194,29.65538231,25.58645877,98.08298127,71.6,3.389643637,3.242063257,8.681011277,6.543904875,1.874079206,0.726416441
Philippines,PHL,-18.3348554,55.367,0.87314829,2950,425.5714709,68.55373171,3.076,23.5,98393574,,,31.96922092,35.61682849,104.5023215,91.2,3.464773594,3.572818237,7.989560449,6.053432903,-4.281921929,-0.027218803
Poland,POL,-5.751604549,39.383,8.308632041,12660,2629.172607,76.79756098,1.3,4.5,38530725,95.08609,95.63024,45.07073102,46.22165616,150.0184409,,3.808233056,3.833448436,9.446202696,7.874424477,-2.39825031,2.129258802
Portugal,PRT,-4.105801022,37.662,4.952293367,20620,2186.505878,80.37317073,1.28,3.1,10459806,,,35.68150289,40.05108511,113.035602,99.9,3.574632428,3.690155767,9.934016758,7.690060059,-2.026277627,1.619842272
Puerto Rico,PRI,-98.46689895,6.324,,18370,,78.53553659,1.644,,3615086,,,77.00210669,55.60475476,83.64642094,,4.343832781,4.018268715,9.818474178,,-9.923048874,
Qatar,QAT,,0.939,40.310084,78060,17418.68657,78.45380488,2.036,7,2168673,,,71.66602685,25.78996526,152.6441746,100,4.272016812,3.249985473,11.26523304,9.76529885,,3.699079358
Romania,ROU,-4.313294616,45.765,3.889250739,8560,1778.397479,74.56341463,1.53,10.5,19963581,94.20202,94.5352,40.03406451,45.36647911,105.5829217,,3.689730704,3.814773487,9.054855469,7.483467945,-2.076847278,1.383603429
Russian Federation,RUS,-0.032140429,26.149,12.22579516,12740,5113.234323,70.46097561,1.59,8.6,143499861,,,30.26933633,21.73487328,152.8353524,92.2,3.410135198,3.078918034,9.452501929,8.539587423,-0.179277519,2.511694234
Rwanda,RWA,-43.08176101,73.131,0.054818556,600,,63.49285366,4.616,37.1,11776522,56.17656,49.42904,13.65054602,29.61518461,56.80079399,68.3,2.613779522,3.388287223,6.396929655,,-6.563669782,-1.865501454
Samoa,WSM,-31.53846154,80.56,0.867327137,3260,,72.98204878,4.212,15.5,190372,106.39374,106.57277,33.60478882,56.98192993,,98.8,3.514668581,4.042734199,8.089482474,,-5.615911461,-0.03321854
San Marino,SMR,,5.856,,,,,1.26,2.8,31448,107.28477,95.93023,,,116.9549733,,,,,,,
Sao Tome and Principe,STP,0,36.098,0.555518774,1310,,66.13487805,4.145,36.7,192993,92.48234,84.55846,11.81813043,59.23883187,64.93966102,93.6,2.469634829,4.081577271,7.177782416,,0,-0.422328336
Saudi Arabia,SAU,0,17.281,17.03991344,24660,6738.415779,75.49690244,2.702,13.4,28828870,,,56.19425248,29.57058929,176.4978024,97,4.028814483,3.386780262,10.11293778,8.815580129,0,2.841409863
Senegal,SEN,10.21800988,56.921,0.545070856,1030,263.6518896,63.20217073,4.981,43.9,14133280,59.05258,56.74929,25.16680938,41.68648996,92.92798275,60.3,3.225526038,3.730177095,6.937314081,5.574629633,3.196562198,-0.438395115
Serbia,SRB,-21.39213143,44.627,6.303583821,5350,2237.376071,75.23414634,1.32,5.8,7163976,96.60488,96.30175,36.57138043,52.9799881,119.3917104,98.9,3.599265979,3.969914259,8.58485184,7.713059061,-4.625162855,1.856857806
Seychelles,SYC,0,46.769,7.842976495,11590,,72.72439024,2.4,12.2,89173,104.81928,105.60224,45.6071737,99.08916572,147.342683,96.3,3.820065022,4.596020109,9.357897936,,0,2.072288078
Sierra Leone,SLE,13.82937781,60.774,0.119853769,530,,45.32904878,4.782,107.2,6092075,,,16.32367765,53.74805094,44.13438771,42.4,2.79261667,3.984307405,6.272877007,,3.718787142,-1.514792642
Singapore,SGP,0,0,2.663192428,51090,6452.326331,82.14390244,1.29,2.2,5399200,,,200.1859231,173.778576,155.6006879,,5.29924655,5.157781937,10.84134406,8.772196016,0,1.016386688
Sint Maarten (Dutch part),SXM,,0,,,,,,,39689,,,,,,,,,,,,
Slovak Republic,SVK,-0.593132154,46.055,6.694753412,17070,3213.666905,76.1097561,1.34,6,5414095,101.55908,100.18531,89.16364501,86.55397735,113.9111556,100,4.490473389,4.460768235,9.745077816,8.075167902,-0.770150735,1.916150757
Slovenia,SVN,-5.808080808,50.236,7.482274333,22780,3531.064967,80.12439024,1.58,2.3,2060484,96.07079,96.93207,71.27394502,70.24379164,110.2112117,99.4,4.266530833,4.251971929,10.03363824,8.169354795,-2.409996018,2.025813199
Solomon Islands,SLB,5.258175559,78.579,0.383105992,1480,,67.50707317,4.099,25.1,561231,,,,,57.57076854,77.2,,,7.299797367,,2.293071207,-0.727519205
Somalia,SOM,20.38879498,61.388,0.063170514,,,54.6912439,6.667,89.8,10495583,,,,,49.38267841,,,,,,4.515395329,-1.812959528
South Africa,ZAF,0,36.212,9.040531461,7460,2740.84975,56.09831707,2.412,32.8,52981991,,,30.60592008,30.17355843,147.4645166,88.3,3.421193457,3.406965992,8.917310693,7.916023279,0,2.21271853
South Sudan,SSD,,81.61,,840,,54.64295122,5.01,64.1,11296173,,,59.87436775,25.09395371,25.25835962,55,4.092248496,3.222626929,6.733401892,,,
Spain,ESP,-34.06269901,20.871,5.78988435,29340,2686.419549,82.37804878,1.32,3.6,46647421,102.58519,103.99748,30.84284359,31.89318444,106.9052178,100,3.428904749,3.462392333,10.28670705,7.895964563,-5.836325814,1.773236362
Sri Lanka,LKA,22.09361702,81.7,0.615398344,2910,499.3383487,74.06804878,2.346,8.2,20483000,98.582,99.28357,23.055064,37.6083186,95.49632054,92.9,3.137885442,3.627225265,7.97590836,6.21328392,4.700384774,-0.334915767
St. Kitts and Nevis,KNA,0,68.108,4.763065403,13090,,,,7.8,54191,88.65546,88.88889,31.31655758,43.26560905,142.0900149,98.3,3.444146954,3.767358071,9.479603859,,0,1.581668981
St. Lucia,LCA,-7.305936073,81.541,2.273826502,7000,,74.67417073,1.936,12.7,182273,87.15013,92.10191,43.16973361,63.49452092,116.3090529,92.8,3.765139639,4.150953617,8.853665428,,-2.702949514,0.864503211
St. Martin (French part),MAF,,,,,,79.02195122,1.82,,31264,,,,,,,,,,,,
St. Vincent and the Grenadines,VCT,-6.166007905,50.152,1.912062278,6360,,72.40121951,2.021,17.2,109373,91.58607,96.58768,27.50986926,57.06743249,114.6334104,95.1,3.314544822,4.044233595,8.757783656,,-2.483144761,0.699160205
Sudan,SDN,100,66.54,0.310858607,1460,355.0787679,61.86395122,4.491,51.2,37964306,,,17.5770812,15.54541998,72.85231291,50.2,2.866595849,2.74376606,7.286191715,5.872339646,10,-0.889506147
Suriname,SUR,0.170546833,33.86,4.540441176,8680,,70.81139024,2.292,20.3,539276,,,,,127.3188497,88.4,,,9.068776808,,0.412973162,1.534809443
Swaziland,SWZ,-21.1440678,78.663,0.857473675,3100,,48.85063415,3.407,55.9,1249514,77.93899,75.42994,63.73750125,71.50715875,71.46778668,68.9,4.154773106,4.269797567,8.03915739,,-4.598267913,-0.043457052
Sweden,SWE,-3.379641509,14.486,5.599744235,56120,5190.339026,81.70487805,1.91,2.4,9592552,96.43117,96.96326,49.85546795,44.28076309,124.3952501,100,3.909128179,3.790550341,10.93524753,8.554554297,-1.838380132,1.740421303
Switzerland,CHE,-8.531711555,26.213,4.952967888,80950,3206.963679,82.69756098,1.52,3.6,8081482,97.5389,94.30921,51.25224315,40.87270659,133.79826,100,3.936759386,3.71046252,11.30158696,8.073079874,-2.920909371,1.619975771
Syrian Arab Republic,SYR,-35.21505376,43.145,2.872783035,,910.0484863,74.71070732,3.003,11.9,22845550,103.63112,104.40042,,,55.97464086,87.2,,,,6.81349788,-5.93422731,1.089498563
Tajikistan,TJK,-0.490196078,73.379,0.375001672,880,306.4949423,67.25717073,3.819,40.9,8207834,99.74043,102.22704,17.85194845,67.17264967,91.8281242,64,2.882112659,4.207266166,6.779921907,5.725201254,-0.700140042,-0.744436956
Tanzania,TZA,21.38522714,69.804,0.152229977,570,447.5707452,60.84643902,5.287,36.4,49253126,91.73339,87.26129,31.057416,50.21500688,55.71793149,44,3.43583762,3.916313924,6.345636361,6.103834615,4.62441641,-1.377414
Thailand,THA,2.80014323,52.057,4.446855558,5250,1789.636774,74.18797561,1.412,11.3,67010502,,,76.94351893,72.40697319,137.9828493,95.3,4.343071632,4.28230261,8.565983356,7.489767958,1.673362851,1.514435908
Timor-Leste,TLS,25.50724638,68.515,0.171932157,3980,,67.02058537,5.3,46.2,1178252,64.73622,62.18889,9.837809093,120.3314721,57.37594218,60.5,2.286233033,4.790250202,8.289037098,,5.050469916,-1.302202665
Togo,TGO,60.99270073,61.021,0.244233521,490,427.0510161,56.15034146,4.695,55.8,6816982,61.80673,80.67604,39.4346813,56.33009206,62.53490181,40.3,3.674645665,4.031228887,6.194405391,6.056903482,7.809782374,-1.066435013
Tonga,TON,0,76.44,1.514736114,4220,,72.489,3.815,10.4,105323,,,17.51975423,61.5431869,54.59396333,99.4,2.863329058,4.119739154,8.347590407,,0,0.479171546
Trinidad and Tobago,TTO,6.53926049,91.334,38.16113079,14780,15691.29356,69.81714634,1.799,19,1341151,94.98715,94.6823,88.12718474,62.8981084,144.9406517,,4.478781052,4.14151609,9.601030195,9.660861287,2.557197781,3.644434519
Tunisia,TUN,-61.55520995,33.544,2.453102066,4240,890.3793401,75.1,2.17,13.1,10886500,101.65307,101.79086,49.36790849,56.4357706,115.6035799,90.5,3.899300587,4.033103188,8.352318548,6.791647597,-7.845712839,0.937309116
Turkey,TUR,-19.54132231,27.63,4.131030767,10810,1539.293382,74.86243902,2.06,16.5,74932641,99.48299,100.9876,23.97664132,32.64746284,92.96497103,98.8,3.177080078,3.485767145,9.288226911,7.339078748,-4.420556788,1.442445644
Turkmenistan,TKM,0,50.65,10.52245312,5410,4838.796256,65.31358537,2.353,46.6,5240072,,,74.69608644,43.53129946,116.893432,53.7,4.3134277,3.773480207,8.596004372,8.484421261,0,2.362969979
Turks and Caicos Islands,TCA,0,8.518,5.205949731,,,,,,33098,,,,,,,,,,,0,1.668828782
Tuvalu,TUV,0,42.186,,5650,,,,24.4,9876,,,,,34.42689348,97,,,8.639410824,,0,
Uganda,UGA,40.82087981,84.563,0.111346111,480,,58.64797561,5.964,43.8,37578876,54.80828,55.78676,21.49334122,39.973079,44.09069074,71,3.067743177,3.688206203,6.173786104,,6.389121991,-1.554258152
Ukraine,UKR,-5.208108691,30.726,6.644867137,3640,2766.316028,70.94414634,1.531,8.6,45489600,98.89807,98.84599,54.37097135,60.58779844,138.0646549,97.7,3.995830396,4.104093527,8.199738961,7.92527176,-2.282128106,1.908781792
United Arab Emirates,ARE,-30.3755102,15.019,19.85379771,38620,7407.014109,76.95787805,1.82,7,9346129,96.26955,106.60984,90.31522755,72.27888068,171.8737993,100,4.503306079,4.28053198,10.56152556,8.910182683,-5.511398208,2.993419487
United Kingdom,GBR,-10.8923784,17.908,7.86256875,38300,2973.08106,81.5,1.9,3.9,64097085,,,32.06923901,33.58263872,123.7698841,100,3.467897284,3.514009229,10.55320518,7.997354088,-3.300360344,2.074751655
United States,USA,-2.852379908,18.723,17.56415999,52350,7032.464708,78.74146341,1.8805,5.9,316128839,98.10095,97.56276,13.52598849,17.18768106,95.52954726,98,2.604612908,2.84419291,10.86570722,8.858292522,-1.688899022,2.871537728
Uruguay,URY,-99.30434783,5.017,1.970533651,13670,1309.157183,76.90782927,2.056,9.5,3407062,103.99401,104.53597,26.76935781,27.24902289,154.618466,94.9,3.287257868,3.305017663,9.52295893,7.177138837,-9.965156688,0.727806376
Uzbekistan,UZB,-7.3136289,63.783,3.6566778,1700,1627.673061,68.104,2.53,36.7,30241100,90.97831,92.44743,33.08135115,31.24423345,74.30678167,80.9,3.498969714,3.44183483,7.43838353,7.394906704,-2.704372182,1.323535003
Vanuatu,VUT,0,74.492,0.496591183,2990,,71.41068293,3.419,14.6,252763,86.75198,80.89444,44.91749644,51.59174964,59.34412869,88.3,3.804827395,3.943361769,8.003028666,,0,-0.516523185
"Venezuela, RB",VEN,12.15968939,11.106,6.946437116,12460,2379.528027,74.4875122,2.417,12.9,30405207,94.65076,92.53861,29.94301596,19.69510787,101.614434,,3.399296107,2.980370274,9.430278792,7.774657439,3.487074617,1.952522115
Vietnam,VNM,-50.43255367,67.691,1.728118437,1550,696.8343693,75.60668293,1.768,19,89708900,,,79.39084443,83.52364724,130.8904335,93.6,4.374383052,4.425129792,7.34601021,6.546547749,-7.101588109,0.603287261
Virgin Islands (U.S.),VIR,15.60644614,4.936,,,,79.47317073,1.8,,104737,,,,,,100,,,,,3.95049948,
West Bank and Gaza,PSE,-0.991189427,25.2,0.620611834,2810,,73.01787805,4.076,18.6,4169506,91.87778,96.53743,15.44402729,59.08156271,73.74053318,82.3,2.737222346,4.078918908,7.940939762,,-0.995584967,-0.327654659
"Yemen, Rep.",YEM,0,66.55,0.959963332,1220,311.5511423,62.90578049,4.207,40.4,24407381,54.4489,74.94641,,,69.01477877,46.5,,,7.106606138,5.741563506,0,0.058234315
Zambia,ZMB,6.941666667,59.973,0.183669271,1410,620.6631667,57.02258537,5.731,55.8,14538640,105.48865,97.24027,46.04873094,37.03673511,71.50463179,49.2,3.829700204,3.611910261,7.251344983,6.43078853,2.634704284,-1.259946258
Zimbabwe,ZWE,32.45804006,67.346,0.720950743,800,697.0752028,58.04597561,3.564,55,14149648,,,42.85967965,77.7319661,96.3498668,68.7,3.757931516,4.353266577,6.684611728,6.5468933,5.697195807,-0.197292168
